{"NBL":{"averageVolume":1507547.7142857143,"t":1585022400000},"PLD":{"averageVolume":1239769.7142857143,"t":1585022400000},"V":{"averageVolume":1944934,"t":1585022400000},"APA":{"averageVolume":1259975.142857143,"t":1585022400000},"LVS":{"averageVolume":1301929.7142857143,"t":1585022400000},"CVS":{"averageVolume":1619692.9285714286,"t":1585022400000},"SYY":{"averageVolume":818836.5,"t":1585022400000},"MO":{"averageVolume":1651187.142857143,"t":1585022400000},"GILD":{"averageVolume":1666336.5,"t":1585022400000},"PGR":{"averageVolume":908499.4285714285,"t":1585022400000},"WFC":{"averageVolume":3717839.9285714286,"t":1585022400000},"KKR":{"averageVolume":793887.2857142857,"t":1585022400000},"UTX":{"averageVolume":991930.2142857143,"t":1585022400000},"UAL":{"averageVolume":2309415.285714286,"t":1585022400000},"ABT":{"averageVolume":1069968.5714285714,"t":1585022400000},"SCHW":{"averageVolume":2816703.6428571427,"t":1585022400000},"FCX":{"averageVolume":3402896.214285714,"t":1585022400000},"LLY":{"averageVolume":1058347.4285714286,"t":1585022400000},"HST":{"averageVolume":1864948.7857142857,"t":1585022400000},"AXP":{"averageVolume":895980.4285714285,"t":1585022400000},"QSR":{"averageVolume":1066849.7142857143,"t":1585022400000},"PEP":{"averageVolume":962867.1428571428,"t":1585022400000},"TXN":{"averageVolume":805432.2142857143,"t":1585022400000},"SYF":{"averageVolume":985420.2857142857,"t":1585022400000},"HLT":{"averageVolume":782528.5,"t":1585022400000},"ABBV":{"averageVolume":1498265.5,"t":1585022400000},"BSX":{"averageVolume":1269184.857142857,"t":1585022400000},"MPC":{"averageVolume":1095433.857142857,"t":1585022400000},"VZ":{"averageVolume":3303470.0714285714,"t":1585022400000},"CCL":{"averageVolume":4708143.5,"t":1585022400000},"KSS":{"averageVolume":1762049.4285714286,"t":1585022400000},"CL":{"averageVolume":804053.8571428572,"t":1585022400000},"JPM":{"averageVolume":5640134,"t":1585022400000},"PNC":{"averageVolume":863619.4285714285,"t":1585022400000},"PM":{"averageVolume":1745698.7142857143,"t":1585022400000},"CMCSA":{"averageVolume":3787020.1428571427,"t":1585022400000},"BMY":{"averageVolume":1379471.2857142857,"t":1585022400000},"PG":{"averageVolume":2526135.4285714286,"t":1585022400000},"RCL":{"averageVolume":4018406.4285714286,"t":1585022400000},"LOW":{"averageVolume":1457986.4285714286,"t":1585022400000},"TSLA":{"averageVolume":1659732.2857142857,"t":1585022400000},"O":{"averageVolume":734583.7857142857,"t":1585022400000},"JD":{"averageVolume":1861718.357142857,"t":1585022400000},"LEN":{"averageVolume":856163,"t":1585022400000},"KR":{"averageVolume":2067367,"t":1585022400000},"HD":{"averageVolume":1190013.5714285714,"t":1585022400000},"WDC":{"averageVolume":777238.1428571428,"t":1585022400000},"RF":{"averageVolume":2319235.714285714,"t":1585022400000},"JNJ":{"averageVolume":2851381.1428571427,"t":1585022400000},"NEM":{"averageVolume":975237.6428571428,"t":1585022400000},"EPD":{"averageVolume":1147128.357142857,"t":1585022400000},"NLY":{"averageVolume":2982096.4285714286,"t":1585022400000},"NFLX":{"averageVolume":911333.3571428572,"t":1585022400000},"MMM":{"averageVolume":782405.5,"t":1585022400000},"MDLZ":{"averageVolume":1051204.5714285714,"t":1585022400000},"ALLY":{"averageVolume":937779.7142857143,"t":1585022400000},"PFE":{"averageVolume":7561265,"t":1585022400000},"SU":{"averageVolume":1627546.7142857143,"t":1585022400000},"TWTR":{"averageVolume":2410863,"t":1585022400000},"WYNN":{"averageVolume":787150.5,"t":1585022400000},"PYPL":{"averageVolume":1109618.857142857,"t":1585022400000},"HBAN":{"averageVolume":1776265.9285714286,"t":1585022400000},"BX":{"averageVolume":768744.5714285715,"t":1585022400000},"HAL":{"averageVolume":3623257.0714285714,"t":1585022400000},"CRM":{"averageVolume":927032.5,"t":1585022400000},"BA":{"averageVolume":3205320.4285714286,"t":1585022400000},"KHC":{"averageVolume":924502.2857142857,"t":1585022400000},"BABA":{"averageVolume":1675637.0714285714,"t":1585022400000},"SPG":{"averageVolume":1277239.5714285714,"t":1585022400000},"UNH":{"averageVolume":783549.1428571428,"t":1585022400000},"GM":{"averageVolume":1861888.7142857143,"t":1585022400000},"USB":{"averageVolume":1301656.642857143,"t":1585022400000},"TJX":{"averageVolume":1187482.9285714286,"t":1585022400000},"BK":{"averageVolume":801769.7857142857,"t":1585022400000},"ATUS":{"averageVolume":812377.5,"t":1585022400000},"MRO":{"averageVolume":3355616.0714285714,"t":1585022400000},"SLB":{"averageVolume":3830445.8571428573,"t":1585022400000},"EBAY":{"averageVolume":2060679.2857142857,"t":1585022400000},"WBA":{"averageVolume":809546.0714285715,"t":1585022400000},"PRU":{"averageVolume":760527.6428571428,"t":1585022400000},"MGM":{"averageVolume":3796502.285714286,"t":1585022400000},"PPL":{"averageVolume":1465401.5714285714,"t":1585022400000},"ORCL":{"averageVolume":2973492,"t":1585022400000},"GPS":{"averageVolume":801967.5,"t":1585022400000},"EXC":{"averageVolume":911184.0714285715,"t":1585022400000},"HPE":{"averageVolume":1013951.5,"t":1585022400000},"VLO":{"averageVolume":717735.7142857143,"t":1585022400000},"SO":{"averageVolume":1347105.0714285714,"t":1585022400000},"LNC":{"averageVolume":807797,"t":1585022400000},"PAA":{"averageVolume":1741915,"t":1585022400000},"FITB":{"averageVolume":894384.0714285715,"t":1585022400000},"MET":{"averageVolume":985026.7857142857,"t":1585022400000},"EOG":{"averageVolume":805342.4285714285,"t":1585022400000},"HPQ":{"averageVolume":1367685.4285714286,"t":1585022400000},"MRK":{"averageVolume":1595261.857142857,"t":1585022400000},"AMAT":{"averageVolume":1302326.7142857143,"t":1585022400000},"NCLH":{"averageVolume":3490644,"t":1585022400000},"COG":{"averageVolume":740318.2857142857,"t":1585022400000},"SIRI":{"averageVolume":3891961.785714286,"t":1585022400000},"AIG":{"averageVolume":942009.2142857143,"t":1585022400000},"AAL":{"averageVolume":7376847.857142857,"t":1585022400000},"LUV":{"averageVolume":2000659.9285714286,"t":1585022400000},"MSFT":{"averageVolume":6587446.5,"t":1585022400000},"CTL":{"averageVolume":1056886.642857143,"t":1585022400000},"MU":{"averageVolume":3476296.4285714286,"t":1585022400000}}