{"AAL":{"averageVolume":3286863.785714286,"t":1585627200000},"ABBV":{"averageVolume":2434903.214285714,"t":1585627200000},"ABT":{"averageVolume":1826825.142857143,"t":1585627200000},"APA":{"averageVolume":2391852.5,"t":1585627200000},"BA":{"averageVolume":2151845.285714286,"t":1585627200000},"BABA":{"averageVolume":1532601.2857142857,"t":1585627200000},"BMY":{"averageVolume":3461430.8571428573,"t":1585627200000},"BSX":{"averageVolume":1256089.5,"t":1585627200000},"CCL":{"averageVolume":8291193.142857143,"t":1585627200000},"CMCSA":{"averageVolume":4664362.428571428,"t":1585627200000},"CNQ":{"averageVolume":1675485.0714285714,"t":1585627200000},"COST":{"averageVolume":1031077.4285714285,"t":1585627200000},"CTL":{"averageVolume":1161522.2857142857,"t":1585627200000},"CVE":{"averageVolume":1052660.142857143,"t":1585627200000},"EBAY":{"averageVolume":2697000.4285714286,"t":1585627200000},"EPD":{"averageVolume":1578691.857142857,"t":1585627200000},"EXC":{"averageVolume":1706275.4285714286,"t":1585627200000},"FAST":{"averageVolume":1303021.5714285714,"t":1585627200000},"FCX":{"averageVolume":2937878.714285714,"t":1585627200000},"FISV":{"averageVolume":1621250.5,"t":1585627200000},"FITB":{"averageVolume":1651358.5714285714,"t":1585627200000},"GILD":{"averageVolume":1955721.4285714286,"t":1585627200000},"GM":{"averageVolume":1544000.0714285714,"t":1585627200000},"HAL":{"averageVolume":2491142.214285714,"t":1585627200000},"HBAN":{"averageVolume":2703086.1428571427,"t":1585627200000},"HPQ":{"averageVolume":1559612.2857142857,"t":1585627200000},"HST":{"averageVolume":1007183.5714285715,"t":1585627200000},"JD":{"averageVolume":2101640.5714285714,"t":1585627200000},"JNJ":{"averageVolume":2718588.4285714286,"t":1585627200000},"JPM":{"averageVolume":3672308.1428571427,"t":1585627200000},"KHC":{"averageVolume":1150243.5714285714,"t":1585627200000},"KR":{"averageVolume":2944764.285714286,"t":1585627200000},"KSS":{"averageVolume":1327147.2857142857,"t":1585627200000},"LEN":{"averageVolume":1037482.7142857143,"t":1585627200000},"LLY":{"averageVolume":1457128.857142857,"t":1585627200000},"LUV":{"averageVolume":1238282.4285714286,"t":1585627200000},"MGM":{"averageVolume":1860203.0714285714,"t":1585627200000},"MO":{"averageVolume":1303425.2857142857,"t":1585627200000},"MRK":{"averageVolume":1379867,"t":1585627200000},"MRO":{"averageVolume":3342051.0714285714,"t":1585627200000},"MSFT":{"averageVolume":6131163.857142857,"t":1585627200000},"MU":{"averageVolume":2795223.714285714,"t":1585627200000},"NBL":{"averageVolume":1272105.9285714286,"t":1585627200000},"NCLH":{"averageVolume":2525617.5714285714,"t":1585627200000},"NEM":{"averageVolume":1120739.5714285714,"t":1585627200000},"NLY":{"averageVolume":2374966.4285714286,"t":1585627200000},"O":{"averageVolume":1261863.2857142857,"t":1585627200000},"ORCL":{"averageVolume":2599594.4285714286,"t":1585627200000},"PAA":{"averageVolume":2565335.285714286,"t":1585627200000},"PEG":{"averageVolume":1108619.5,"t":1585627200000},"PEP":{"averageVolume":1267227.2857142857,"t":1585627200000},"PFE":{"averageVolume":4554524.714285715,"t":1585627200000},"PG":{"averageVolume":4179494.6428571427,"t":1585627200000},"PLD":{"averageVolume":2244481.8571428573,"t":1585627200000},"PM":{"averageVolume":2314985,"t":1585627200000},"PPL":{"averageVolume":1033313.5714285715,"t":1585627200000},"PYPL":{"averageVolume":1608638.5714285714,"t":1585627200000},"RCL":{"averageVolume":3804541.714285714,"t":1585627200000},"RF":{"averageVolume":2401942.1428571427,"t":1585627200000},"SCHW":{"averageVolume":1745753.5714285714,"t":1585627200000},"SIRI":{"averageVolume":4482983.428571428,"t":1585627200000},"SLB":{"averageVolume":3952496.785714286,"t":1585627200000},"SO":{"averageVolume":2222949.5714285714,"t":1585627200000},"SPG":{"averageVolume":1236579.857142857,"t":1585627200000},"STT":{"averageVolume":1224435.142857143,"t":1585627200000},"SU":{"averageVolume":1826261.2857142857,"t":1585627200000},"TJX":{"averageVolume":1878399.7857142857,"t":1585627200000},"TSLA":{"averageVolume":1333119.7142857143,"t":1585627200000},"TWTR":{"averageVolume":1869258.4285714286,"t":1585627200000},"UAL":{"averageVolume":1239648.4285714286,"t":1585627200000},"V":{"averageVolume":1830593.7857142857,"t":1585627200000},"VZ":{"averageVolume":1728151.7142857143,"t":1585627200000},"WFC":{"averageVolume":3280662.8571428573,"t":1585627200000}}